{"min": [-0.549051, -0.828054, -0.419586], "max": [0.519653, 0.890395, 0.628383]}